PartNumber,Quantity
S4PMA010,2
EPC100078300,1
AGFCAPPOP5,2
BOSRVNB07075NL,1
TFGCR010,1
TFGCR020,3
EPC100051993,1
S4PMA010,1
EPC100078300,1
AGFCAPPOP5,1
BOSRVNB07075NL,1
TFGCR010,1
TFGCR020,1
EPC100051993,1
EPC100051993wr,2
S4PMA010,1
EPC100078300,1
AGFCAPPOP5,1
BOSRVNB07075NL,1
TFGCR010,1
TFGCR020,1
EPC100051993,1
S4PMA010,1
EPC100078300,1
AGFCAPPOP5,1
BOSRVNB07075NL,1
TFGCR010,1
TFGCR020,1
EPC100051993,1
S4PMA010,1
EPC100078300,1
AGFCAPPOP5,1
BOSRVNB07075NL,1
TFGCR010,1
TFGCR020,1
EPC100051993,1
S4PMA010,1
EPC100078300,1
AGFCAPPOP5,1
BOSRVNB07075NL,1
TFGCR010,1
TFGCR020,1
EPC100051993,1
S4PMA010,1
EPC100078300,1
AGFCAPPOP5,1
BOSRVNB07075NL,1
TFGCR010,1
TFGCR020,1
EPC100051993,1
EPC100051993wr,2
